Jahr;Primärenergieträger;Titel der Werte-Spalten;Werte
1951;Laufkraftwerke;GWh;3947.73
1951;Laufkraftwerke;Prozent;53.5
1951;Speicherkraftwerke;GWh;1736.59
1951;Speicherkraftwerke;Prozent;23.5
1951;Kohle;GWh;1248.03
1951;Kohle;Prozent;16.9
1951;Erdöl;GWh;253.51
1951;Erdöl;Prozent;3.4
1951;Erdgas;GWh;189.44
1951;Erdgas;Prozent;2.6
1951;Biogene Brennstoffe;GWh;
1951;Biogene Brennstoffe;Prozent;0
1951;Sonstige Brennstoffe;GWh;
1951;Sonstige Brennstoffe;Prozent;0
1951;Wind;GWh;
1951;Wind;Prozent;0
1951;Photovoltaik;GWh;
1951;Photovoltaik;Prozent;0
1951;Geothermie;GWh;
1951;Geothermie;Prozent;0
1952;Laufkraftwerke;GWh;4267.35
1952;Laufkraftwerke;Prozent;53.1
1952;Speicherkraftwerke;GWh;2103.11
1952;Speicherkraftwerke;Prozent;26.2
1952;Kohle;GWh;1137
1952;Kohle;Prozent;14.2
1952;Erdöl;GWh;283.21
1952;Erdöl;Prozent;3.5
1952;Erdgas;GWh;237.45
1952;Erdgas;Prozent;3
1952;Biogene Brennstoffe;GWh;
1952;Biogene Brennstoffe;Prozent;0
1952;Sonstige Brennstoffe;GWh;4.03
1952;Sonstige Brennstoffe;Prozent;0.1
1952;Wind;GWh;
1952;Wind;Prozent;0
1952;Photovoltaik;GWh;
1952;Photovoltaik;Prozent;0
1952;Geothermie;GWh;
1952;Geothermie;Prozent;0
1953;Laufkraftwerke;GWh;3976.37
1953;Laufkraftwerke;Prozent;45.4
1953;Speicherkraftwerke;GWh;2453.38
1953;Speicherkraftwerke;Prozent;28
1953;Kohle;GWh;1664.86
1953;Kohle;Prozent;19
1953;Erdöl;GWh;330.49
1953;Erdöl;Prozent;3.8
1953;Erdgas;GWh;332.61
1953;Erdgas;Prozent;3.8
1953;Biogene Brennstoffe;GWh;
1953;Biogene Brennstoffe;Prozent;0
1953;Sonstige Brennstoffe;GWh;6.27
1953;Sonstige Brennstoffe;Prozent;0.1
1953;Wind;GWh;
1953;Wind;Prozent;0
1953;Photovoltaik;GWh;
1953;Photovoltaik;Prozent;0
1953;Geothermie;GWh;
1953;Geothermie;Prozent;0
1954;Laufkraftwerke;GWh;4825.14
1954;Laufkraftwerke;Prozent;49
1954;Speicherkraftwerke;GWh;2433.12
1954;Speicherkraftwerke;Prozent;24.7
1954;Kohle;GWh;1734.18
1954;Kohle;Prozent;17.6
1954;Erdöl;GWh;488.11
1954;Erdöl;Prozent;5
1954;Erdgas;GWh;359.39
1954;Erdgas;Prozent;3.6
1954;Biogene Brennstoffe;GWh;
1954;Biogene Brennstoffe;Prozent;0
1954;Sonstige Brennstoffe;GWh;7.41
1954;Sonstige Brennstoffe;Prozent;0.1
1954;Wind;GWh;
1954;Wind;Prozent;0
1954;Photovoltaik;GWh;
1954;Photovoltaik;Prozent;0
1954;Geothermie;GWh;
1954;Geothermie;Prozent;0
1955;Laufkraftwerke;GWh;5217.64
1955;Laufkraftwerke;Prozent;48.5
1955;Speicherkraftwerke;GWh;2686.91
1955;Speicherkraftwerke;Prozent;25
1955;Kohle;GWh;1796.96
1955;Kohle;Prozent;16.7
1955;Erdöl;GWh;479.16
1955;Erdöl;Prozent;4.5
1955;Erdgas;GWh;557.11
1955;Erdgas;Prozent;5.2
1955;Biogene Brennstoffe;GWh;
1955;Biogene Brennstoffe;Prozent;0
1955;Sonstige Brennstoffe;GWh;13.66
1955;Sonstige Brennstoffe;Prozent;0.1
1955;Wind;GWh;
1955;Wind;Prozent;0
1955;Photovoltaik;GWh;
1955;Photovoltaik;Prozent;0
1955;Geothermie;GWh;
1955;Geothermie;Prozent;0
1956;Laufkraftwerke;GWh;5873.13
1956;Laufkraftwerke;Prozent;50.1
1956;Speicherkraftwerke;GWh;2787.99
1956;Speicherkraftwerke;Prozent;23.8
1956;Kohle;GWh;1868.85
1956;Kohle;Prozent;15.9
1956;Erdöl;GWh;443.66
1956;Erdöl;Prozent;3.8
1956;Erdgas;GWh;691.97
1956;Erdgas;Prozent;5.9
1956;Biogene Brennstoffe;GWh;
1956;Biogene Brennstoffe;Prozent;0
1956;Sonstige Brennstoffe;GWh;52.26
1956;Sonstige Brennstoffe;Prozent;0.4
1956;Wind;GWh;
1956;Wind;Prozent;0
1956;Photovoltaik;GWh;
1956;Photovoltaik;Prozent;0
1956;Geothermie;GWh;
1956;Geothermie;Prozent;0
1957;Laufkraftwerke;GWh;6359.42
1957;Laufkraftwerke;Prozent;51
1957;Speicherkraftwerke;GWh;2960
1957;Speicherkraftwerke;Prozent;23.8
1957;Kohle;GWh;1989.87
1957;Kohle;Prozent;16
1957;Erdöl;GWh;314.55
1957;Erdöl;Prozent;2.5
1957;Erdgas;GWh;734.83
1957;Erdgas;Prozent;5.9
1957;Biogene Brennstoffe;GWh;
1957;Biogene Brennstoffe;Prozent;0
1957;Sonstige Brennstoffe;GWh;103.73
1957;Sonstige Brennstoffe;Prozent;0.8
1957;Wind;GWh;
1957;Wind;Prozent;0
1957;Photovoltaik;GWh;
1957;Photovoltaik;Prozent;0
1957;Geothermie;GWh;
1957;Geothermie;Prozent;0
1958;Laufkraftwerke;GWh;7335.14
1958;Laufkraftwerke;Prozent;54.1
1958;Speicherkraftwerke;GWh;3281.76
1958;Speicherkraftwerke;Prozent;24.2
1958;Kohle;GWh;1611.95
1958;Kohle;Prozent;11.9
1958;Erdöl;GWh;423.46
1958;Erdöl;Prozent;3.1
1958;Erdgas;GWh;787.74
1958;Erdgas;Prozent;5.8
1958;Biogene Brennstoffe;GWh;
1958;Biogene Brennstoffe;Prozent;0
1958;Sonstige Brennstoffe;GWh;118.76
1958;Sonstige Brennstoffe;Prozent;0.9
1958;Wind;GWh;
1958;Wind;Prozent;0
1958;Photovoltaik;GWh;
1958;Photovoltaik;Prozent;0
1958;Geothermie;GWh;
1958;Geothermie;Prozent;0
1959;Laufkraftwerke;GWh;7174.55
1959;Laufkraftwerke;Prozent;48.5
1959;Speicherkraftwerke;GWh;3800.81
1959;Speicherkraftwerke;Prozent;25.7
1959;Kohle;GWh;2005.41
1959;Kohle;Prozent;13.6
1959;Erdöl;GWh;689.68
1959;Erdöl;Prozent;4.7
1959;Erdgas;GWh;1001.3
1959;Erdgas;Prozent;6.8
1959;Biogene Brennstoffe;GWh;
1959;Biogene Brennstoffe;Prozent;0
1959;Sonstige Brennstoffe;GWh;118.59
1959;Sonstige Brennstoffe;Prozent;0.8
1959;Wind;GWh;
1959;Wind;Prozent;0
1959;Photovoltaik;GWh;
1959;Photovoltaik;Prozent;0
1959;Geothermie;GWh;
1959;Geothermie;Prozent;0
1960;Laufkraftwerke;GWh;7968.36
1960;Laufkraftwerke;Prozent;49.9
1960;Speicherkraftwerke;GWh;3913.8
1960;Speicherkraftwerke;Prozent;24.5
1960;Kohle;GWh;2004.81
1960;Kohle;Prozent;12.6
1960;Erdöl;GWh;666.97
1960;Erdöl;Prozent;4.2
1960;Erdgas;GWh;1281.52
1960;Erdgas;Prozent;8
1960;Biogene Brennstoffe;GWh;
1960;Biogene Brennstoffe;Prozent;0
1960;Sonstige Brennstoffe;GWh;129.32
1960;Sonstige Brennstoffe;Prozent;0.8
1960;Wind;GWh;
1960;Wind;Prozent;0
1960;Photovoltaik;GWh;
1960;Photovoltaik;Prozent;0
1960;Geothermie;GWh;
1960;Geothermie;Prozent;0
1961;Laufkraftwerke;GWh;7627.05
1961;Laufkraftwerke;Prozent;45.9
1961;Speicherkraftwerke;GWh;4036.37
1961;Speicherkraftwerke;Prozent;24.3
1961;Kohle;GWh;2663.82
1961;Kohle;Prozent;16
1961;Erdöl;GWh;873.7
1961;Erdöl;Prozent;5.3
1961;Erdgas;GWh;1280.66
1961;Erdgas;Prozent;7.7
1961;Biogene Brennstoffe;GWh;
1961;Biogene Brennstoffe;Prozent;0
1961;Sonstige Brennstoffe;GWh;145.65
1961;Sonstige Brennstoffe;Prozent;0.9
1961;Wind;GWh;
1961;Wind;Prozent;0
1961;Photovoltaik;GWh;
1961;Photovoltaik;Prozent;0
1961;Geothermie;GWh;
1961;Geothermie;Prozent;0
1962;Laufkraftwerke;GWh;8031.99
1962;Laufkraftwerke;Prozent;45.1
1962;Speicherkraftwerke;GWh;4094.58
1962;Speicherkraftwerke;Prozent;23
1962;Kohle;GWh;2755.81
1962;Kohle;Prozent;15.5
1962;Erdöl;GWh;1439.02
1962;Erdöl;Prozent;8.1
1962;Erdgas;GWh;1356.57
1962;Erdgas;Prozent;7.6
1962;Biogene Brennstoffe;GWh;
1962;Biogene Brennstoffe;Prozent;0
1962;Sonstige Brennstoffe;GWh;128.92
1962;Sonstige Brennstoffe;Prozent;0.7
1962;Wind;GWh;
1962;Wind;Prozent;0
1962;Photovoltaik;GWh;
1962;Photovoltaik;Prozent;0
1962;Geothermie;GWh;
1962;Geothermie;Prozent;0
1963;Laufkraftwerke;GWh;8275.19
1963;Laufkraftwerke;Prozent;44.9
1963;Speicherkraftwerke;GWh;3678.96
1963;Speicherkraftwerke;Prozent;20
1963;Kohle;GWh;3023.79
1963;Kohle;Prozent;16.4
1963;Erdöl;GWh;1887.28
1963;Erdöl;Prozent;10.2
1963;Erdgas;GWh;1477.3
1963;Erdgas;Prozent;8
1963;Biogene Brennstoffe;GWh;
1963;Biogene Brennstoffe;Prozent;0
1963;Sonstige Brennstoffe;GWh;96.89
1963;Sonstige Brennstoffe;Prozent;0.5
1963;Wind;GWh;
1963;Wind;Prozent;0
1963;Photovoltaik;GWh;
1963;Photovoltaik;Prozent;0
1963;Geothermie;GWh;
1963;Geothermie;Prozent;0
1964;Laufkraftwerke;GWh;9612.4
1964;Laufkraftwerke;Prozent;47.2
1964;Speicherkraftwerke;GWh;3566.68
1964;Speicherkraftwerke;Prozent;17.5
1964;Kohle;GWh;3244.38
1964;Kohle;Prozent;15.9
1964;Erdöl;GWh;2371.32
1964;Erdöl;Prozent;11.6
1964;Erdgas;GWh;1462.63
1964;Erdgas;Prozent;7.2
1964;Biogene Brennstoffe;GWh;
1964;Biogene Brennstoffe;Prozent;0
1964;Sonstige Brennstoffe;GWh;105.2
1964;Sonstige Brennstoffe;Prozent;0.5
1964;Wind;GWh;
1964;Wind;Prozent;0
1964;Photovoltaik;GWh;
1964;Photovoltaik;Prozent;0
1964;Geothermie;GWh;
1964;Geothermie;Prozent;0
1965;Laufkraftwerke;GWh;11168.97
1965;Laufkraftwerke;Prozent;50.2
1965;Speicherkraftwerke;GWh;4913.44
1965;Speicherkraftwerke;Prozent;22.1
1965;Kohle;GWh;2514.44
1965;Kohle;Prozent;11.3
1965;Erdöl;GWh;2187.73
1965;Erdöl;Prozent;9.8
1965;Erdgas;GWh;1337.82
1965;Erdgas;Prozent;6
1965;Biogene Brennstoffe;GWh;
1965;Biogene Brennstoffe;Prozent;0
1965;Sonstige Brennstoffe;GWh;117.96
1965;Sonstige Brennstoffe;Prozent;0.5
1965;Wind;GWh;
1965;Wind;Prozent;0
1965;Photovoltaik;GWh;
1965;Photovoltaik;Prozent;0
1965;Geothermie;GWh;
1965;Geothermie;Prozent;0
1966;Laufkraftwerke;GWh;12394.38
1966;Laufkraftwerke;Prozent;52
1966;Speicherkraftwerke;GWh;4936.19
1966;Speicherkraftwerke;Prozent;20.7
1966;Kohle;GWh;2813.27
1966;Kohle;Prozent;11.8
1966;Erdöl;GWh;1840.36
1966;Erdöl;Prozent;7.7
1966;Erdgas;GWh;1713.54
1966;Erdgas;Prozent;7.2
1966;Biogene Brennstoffe;GWh;
1966;Biogene Brennstoffe;Prozent;0
1966;Sonstige Brennstoffe;GWh;119.66
1966;Sonstige Brennstoffe;Prozent;0.5
1966;Wind;GWh;
1966;Wind;Prozent;0
1966;Photovoltaik;GWh;
1966;Photovoltaik;Prozent;0
1966;Geothermie;GWh;
1966;Geothermie;Prozent;0
1967;Laufkraftwerke;GWh;12377.58
1967;Laufkraftwerke;Prozent;50.6
1967;Speicherkraftwerke;GWh;5319.9
1967;Speicherkraftwerke;Prozent;21.8
1967;Kohle;GWh;2897.03
1967;Kohle;Prozent;11.9
1967;Erdöl;GWh;2156.59
1967;Erdöl;Prozent;8.8
1967;Erdgas;GWh;1556.06
1967;Erdgas;Prozent;6.4
1967;Biogene Brennstoffe;GWh;
1967;Biogene Brennstoffe;Prozent;0
1967;Sonstige Brennstoffe;GWh;131.51
1967;Sonstige Brennstoffe;Prozent;0.5
1967;Wind;GWh;
1967;Wind;Prozent;0
1967;Photovoltaik;GWh;
1967;Photovoltaik;Prozent;0
1967;Geothermie;GWh;
1967;Geothermie;Prozent;0
1968;Laufkraftwerke;GWh;13058.23
1968;Laufkraftwerke;Prozent;50.8
1968;Speicherkraftwerke;GWh;5127.04
1968;Speicherkraftwerke;Prozent;19.9
1968;Kohle;GWh;3151.28
1968;Kohle;Prozent;12.3
1968;Erdöl;GWh;2498.02
1968;Erdöl;Prozent;9.7
1968;Erdgas;GWh;1728.04
1968;Erdgas;Prozent;6.7
1968;Biogene Brennstoffe;GWh;
1968;Biogene Brennstoffe;Prozent;0
1968;Sonstige Brennstoffe;GWh;150.95
1968;Sonstige Brennstoffe;Prozent;0.6
1968;Wind;GWh;
1968;Wind;Prozent;0
1968;Photovoltaik;GWh;
1968;Photovoltaik;Prozent;0
1968;Geothermie;GWh;
1968;Geothermie;Prozent;0
1969;Laufkraftwerke;GWh;11765.41
1969;Laufkraftwerke;Prozent;44.7
1969;Speicherkraftwerke;GWh;4952.73
1969;Speicherkraftwerke;Prozent;18.8
1969;Kohle;GWh;3871.59
1969;Kohle;Prozent;14.7
1969;Erdöl;GWh;2944.55
1969;Erdöl;Prozent;11.2
1969;Erdgas;GWh;2642.03
1969;Erdgas;Prozent;10
1969;Biogene Brennstoffe;GWh;
1969;Biogene Brennstoffe;Prozent;0
1969;Sonstige Brennstoffe;GWh;170.25
1969;Sonstige Brennstoffe;Prozent;0.6
1969;Wind;GWh;
1969;Wind;Prozent;0
1969;Photovoltaik;GWh;
1969;Photovoltaik;Prozent;0
1969;Geothermie;GWh;
1969;Geothermie;Prozent;0
1970;Laufkraftwerke;GWh;14679.67
1970;Laufkraftwerke;Prozent;48.9
1970;Speicherkraftwerke;GWh;6560.01
1970;Speicherkraftwerke;Prozent;21.8
1970;Kohle;GWh;2866.22
1970;Kohle;Prozent;9.5
1970;Erdöl;GWh;2075.62
1970;Erdöl;Prozent;6.9
1970;Erdgas;GWh;3667.87
1970;Erdgas;Prozent;12.2
1970;Biogene Brennstoffe;GWh;
1970;Biogene Brennstoffe;Prozent;0
1970;Sonstige Brennstoffe;GWh;186.65
1970;Sonstige Brennstoffe;Prozent;0.6
1970;Wind;GWh;
1970;Wind;Prozent;0
1970;Photovoltaik;GWh;
1970;Photovoltaik;Prozent;0
1970;Geothermie;GWh;
1970;Geothermie;Prozent;0
1971;Laufkraftwerke;GWh;11473.86
1971;Laufkraftwerke;Prozent;39.9
1971;Speicherkraftwerke;GWh;5296.22
1971;Speicherkraftwerke;Prozent;18.4
1971;Kohle;GWh;3758.42
1971;Kohle;Prozent;13.1
1971;Erdöl;GWh;3468.17
1971;Erdöl;Prozent;12.1
1971;Erdgas;GWh;4583.26
1971;Erdgas;Prozent;15.9
1971;Biogene Brennstoffe;GWh;
1971;Biogene Brennstoffe;Prozent;0
1971;Sonstige Brennstoffe;GWh;175.24
1971;Sonstige Brennstoffe;Prozent;0.6
1971;Wind;GWh;
1971;Wind;Prozent;0
1971;Photovoltaik;GWh;
1971;Photovoltaik;Prozent;0
1971;Geothermie;GWh;
1971;Geothermie;Prozent;0
1972;Laufkraftwerke;GWh;11968.84
1972;Laufkraftwerke;Prozent;40.7
1972;Speicherkraftwerke;GWh;5268.77
1972;Speicherkraftwerke;Prozent;17.9
1972;Kohle;GWh;3355.4
1972;Kohle;Prozent;11.4
1972;Erdöl;GWh;4233.09
1972;Erdöl;Prozent;14.4
1972;Erdgas;GWh;4369.43
1972;Erdgas;Prozent;14.9
1972;Biogene Brennstoffe;GWh;
1972;Biogene Brennstoffe;Prozent;0
1972;Sonstige Brennstoffe;GWh;192.42
1972;Sonstige Brennstoffe;Prozent;0.7
1972;Wind;GWh;
1972;Wind;Prozent;0
1972;Photovoltaik;GWh;
1972;Photovoltaik;Prozent;0
1972;Geothermie;GWh;
1972;Geothermie;Prozent;0
1973;Laufkraftwerke;GWh;13093.5
1973;Laufkraftwerke;Prozent;41.8
1973;Speicherkraftwerke;GWh;6065.74
1973;Speicherkraftwerke;Prozent;19.4
1973;Kohle;GWh;3164.65
1973;Kohle;Prozent;10.1
1973;Erdöl;GWh;4349.32
1973;Erdöl;Prozent;13.9
1973;Erdgas;GWh;4426.65
1973;Erdgas;Prozent;14.1
1973;Biogene Brennstoffe;GWh;
1973;Biogene Brennstoffe;Prozent;0
1973;Sonstige Brennstoffe;GWh;225.62
1973;Sonstige Brennstoffe;Prozent;0.7
1973;Wind;GWh;
1973;Wind;Prozent;0
1973;Photovoltaik;GWh;
1973;Photovoltaik;Prozent;0
1973;Geothermie;GWh;
1973;Geothermie;Prozent;0
1974;Laufkraftwerke;GWh;16016.1
1974;Laufkraftwerke;Prozent;47.3
1974;Speicherkraftwerke;GWh;6646.11
1974;Speicherkraftwerke;Prozent;19.6
1974;Kohle;GWh;3354.61
1974;Kohle;Prozent;9.9
1974;Erdöl;GWh;2905.88
1974;Erdöl;Prozent;8.6
1974;Erdgas;GWh;4580.02
1974;Erdgas;Prozent;13.5
1974;Biogene Brennstoffe;GWh;
1974;Biogene Brennstoffe;Prozent;0
1974;Sonstige Brennstoffe;GWh;378.02
1974;Sonstige Brennstoffe;Prozent;1.1
1974;Wind;GWh;
1974;Wind;Prozent;0
1974;Photovoltaik;GWh;
1974;Photovoltaik;Prozent;0
1974;Geothermie;GWh;
1974;Geothermie;Prozent;0
1975;Laufkraftwerke;GWh;16130.4
1975;Laufkraftwerke;Prozent;45.8
1975;Speicherkraftwerke;GWh;7614.77
1975;Speicherkraftwerke;Prozent;21.6
1975;Kohle;GWh;2797.4
1975;Kohle;Prozent;7.9
1975;Erdöl;GWh;3718.01
1975;Erdöl;Prozent;10.6
1975;Erdgas;GWh;4545.3
1975;Erdgas;Prozent;12.9
1975;Biogene Brennstoffe;GWh;
1975;Biogene Brennstoffe;Prozent;0
1975;Sonstige Brennstoffe;GWh;399.39
1975;Sonstige Brennstoffe;Prozent;1.1
1975;Wind;GWh;
1975;Wind;Prozent;0
1975;Photovoltaik;GWh;
1975;Photovoltaik;Prozent;0
1975;Geothermie;GWh;
1975;Geothermie;Prozent;0
1976;Laufkraftwerke;GWh;14931.87
1976;Laufkraftwerke;Prozent;42.3
1976;Speicherkraftwerke;GWh;5583.73
1976;Speicherkraftwerke;Prozent;15.8
1976;Kohle;GWh;3639.37
1976;Kohle;Prozent;10.3
1976;Erdöl;GWh;5215.5
1976;Erdöl;Prozent;14.8
1976;Erdgas;GWh;5538.93
1976;Erdgas;Prozent;15.7
1976;Biogene Brennstoffe;GWh;
1976;Biogene Brennstoffe;Prozent;0
1976;Sonstige Brennstoffe;GWh;422.14
1976;Sonstige Brennstoffe;Prozent;1.2
1976;Wind;GWh;
1976;Wind;Prozent;0
1976;Photovoltaik;GWh;
1976;Photovoltaik;Prozent;0
1976;Geothermie;GWh;
1976;Geothermie;Prozent;0
1977;Laufkraftwerke;GWh;17810.02
1977;Laufkraftwerke;Prozent;47.3
1977;Speicherkraftwerke;GWh;7060.65
1977;Speicherkraftwerke;Prozent;18.7
1977;Kohle;GWh;2484.65
1977;Kohle;Prozent;6.6
1977;Erdöl;GWh;4264.4
1977;Erdöl;Prozent;11.3
1977;Erdgas;GWh;5607.69
1977;Erdgas;Prozent;14.9
1977;Biogene Brennstoffe;GWh;
1977;Biogene Brennstoffe;Prozent;0
1977;Sonstige Brennstoffe;GWh;455.92
1977;Sonstige Brennstoffe;Prozent;1.2
1977;Wind;GWh;
1977;Wind;Prozent;0
1977;Photovoltaik;GWh;
1977;Photovoltaik;Prozent;0
1977;Geothermie;GWh;
1977;Geothermie;Prozent;0
1978;Laufkraftwerke;GWh;18118.64
1978;Laufkraftwerke;Prozent;47.6
1978;Speicherkraftwerke;GWh;6772.15
1978;Speicherkraftwerke;Prozent;17.8
1978;Kohle;GWh;2475.33
1978;Kohle;Prozent;6.5
1978;Erdöl;GWh;4666.17
1978;Erdöl;Prozent;12.3
1978;Erdgas;GWh;5411.04
1978;Erdgas;Prozent;14.2
1978;Biogene Brennstoffe;GWh;
1978;Biogene Brennstoffe;Prozent;0
1978;Sonstige Brennstoffe;GWh;626.03
1978;Sonstige Brennstoffe;Prozent;1.6
1978;Wind;GWh;
1978;Wind;Prozent;0
1978;Photovoltaik;GWh;
1978;Photovoltaik;Prozent;0
1978;Geothermie;GWh;
1978;Geothermie;Prozent;0
1979;Laufkraftwerke;GWh;20108.2
1979;Laufkraftwerke;Prozent;49.5
1979;Speicherkraftwerke;GWh;7938.6
1979;Speicherkraftwerke;Prozent;19.5
1979;Kohle;GWh;2352.22
1979;Kohle;Prozent;5.8
1979;Erdöl;GWh;4645.38
1979;Erdöl;Prozent;11.4
1979;Erdgas;GWh;4805.4
1979;Erdgas;Prozent;11.8
1979;Biogene Brennstoffe;GWh;
1979;Biogene Brennstoffe;Prozent;0
1979;Sonstige Brennstoffe;GWh;795.27
1979;Sonstige Brennstoffe;Prozent;2
1979;Wind;GWh;
1979;Wind;Prozent;0
1979;Photovoltaik;GWh;
1979;Photovoltaik;Prozent;0
1979;Geothermie;GWh;
1979;Geothermie;Prozent;0
1980;Laufkraftwerke;GWh;20656.39
1980;Laufkraftwerke;Prozent;49.2
1980;Speicherkraftwerke;GWh;8433.55
1980;Speicherkraftwerke;Prozent;20.1
1980;Kohle;GWh;2921.7
1980;Kohle;Prozent;7
1980;Erdöl;GWh;5418.59
1980;Erdöl;Prozent;12.9
1980;Erdgas;GWh;3824.41
1980;Erdgas;Prozent;9.1
1980;Biogene Brennstoffe;GWh;
1980;Biogene Brennstoffe;Prozent;0
1980;Sonstige Brennstoffe;GWh;710.89
1980;Sonstige Brennstoffe;Prozent;1.7
1980;Wind;GWh;
1980;Wind;Prozent;0
1980;Photovoltaik;GWh;
1980;Photovoltaik;Prozent;0
1980;Geothermie;GWh;
1980;Geothermie;Prozent;0
1981;Laufkraftwerke;GWh;21426.19
1981;Laufkraftwerke;Prozent;50
1981;Speicherkraftwerke;GWh;9404.16
1981;Speicherkraftwerke;Prozent;21.9
1981;Kohle;GWh;3243.08
1981;Kohle;Prozent;7.6
1981;Erdöl;GWh;4287.75
1981;Erdöl;Prozent;10
1981;Erdgas;GWh;3841.57
1981;Erdgas;Prozent;9
1981;Biogene Brennstoffe;GWh;
1981;Biogene Brennstoffe;Prozent;0
1981;Sonstige Brennstoffe;GWh;691.68
1981;Sonstige Brennstoffe;Prozent;1.6
1981;Wind;GWh;
1981;Wind;Prozent;0
1981;Photovoltaik;GWh;
1981;Photovoltaik;Prozent;0
1981;Geothermie;GWh;
1981;Geothermie;Prozent;0
1982;Laufkraftwerke;GWh;21453.35
1982;Laufkraftwerke;Prozent;50
1982;Speicherkraftwerke;GWh;9426.11
1982;Speicherkraftwerke;Prozent;22
1982;Kohle;GWh;3172.18
1982;Kohle;Prozent;7.4
1982;Erdöl;GWh;3973.28
1982;Erdöl;Prozent;9.3
1982;Erdgas;GWh;4134.96
1982;Erdgas;Prozent;9.6
1982;Biogene Brennstoffe;GWh;
1982;Biogene Brennstoffe;Prozent;0
1982;Sonstige Brennstoffe;GWh;730.63
1982;Sonstige Brennstoffe;Prozent;1.7
1982;Wind;GWh;
1982;Wind;Prozent;0
1982;Photovoltaik;GWh;
1982;Photovoltaik;Prozent;0
1982;Geothermie;GWh;
1982;Geothermie;Prozent;0
1983;Laufkraftwerke;GWh;21260.34
1983;Laufkraftwerke;Prozent;49.9
1983;Speicherkraftwerke;GWh;9328.75
1983;Speicherkraftwerke;Prozent;21.9
1983;Kohle;GWh;3588.33
1983;Kohle;Prozent;8.4
1983;Erdöl;GWh;3127.26
1983;Erdöl;Prozent;7.3
1983;Erdgas;GWh;4481.28
1983;Erdgas;Prozent;10.5
1983;Biogene Brennstoffe;GWh;
1983;Biogene Brennstoffe;Prozent;0
1983;Sonstige Brennstoffe;GWh;839.02
1983;Sonstige Brennstoffe;Prozent;2
1983;Wind;GWh;
1983;Wind;Prozent;0
1983;Photovoltaik;GWh;
1983;Photovoltaik;Prozent;0
1983;Geothermie;GWh;
1983;Geothermie;Prozent;0
1984;Laufkraftwerke;GWh;21507.46
1984;Laufkraftwerke;Prozent;50.7
1984;Speicherkraftwerke;GWh;7962.1
1984;Speicherkraftwerke;Prozent;18.8
1984;Kohle;GWh;4155.38
1984;Kohle;Prozent;9.8
1984;Erdöl;GWh;2598.89
1984;Erdöl;Prozent;6.1
1984;Erdgas;GWh;5140.96
1984;Erdgas;Prozent;12.1
1984;Biogene Brennstoffe;GWh;
1984;Biogene Brennstoffe;Prozent;0
1984;Sonstige Brennstoffe;GWh;1017.49
1984;Sonstige Brennstoffe;Prozent;2.4
1984;Wind;GWh;
1984;Wind;Prozent;0
1984;Photovoltaik;GWh;
1984;Photovoltaik;Prozent;0
1984;Geothermie;GWh;
1984;Geothermie;Prozent;0
1985;Laufkraftwerke;GWh;22584.85
1985;Laufkraftwerke;Prozent;50.7
1985;Speicherkraftwerke;GWh;9018.04
1985;Speicherkraftwerke;Prozent;20.2
1985;Kohle;GWh;4008.58
1985;Kohle;Prozent;9
1985;Erdöl;GWh;1991.78
1985;Erdöl;Prozent;4.5
1985;Erdgas;GWh;5720.12
1985;Erdgas;Prozent;12.8
1985;Biogene Brennstoffe;GWh;
1985;Biogene Brennstoffe;Prozent;0
1985;Sonstige Brennstoffe;GWh;1211.04
1985;Sonstige Brennstoffe;Prozent;2.7
1985;Wind;GWh;
1985;Wind;Prozent;0
1985;Photovoltaik;GWh;
1985;Photovoltaik;Prozent;0
1985;Geothermie;GWh;
1985;Geothermie;Prozent;0
1986;Laufkraftwerke;GWh;22567.53
1986;Laufkraftwerke;Prozent;50.5
1986;Speicherkraftwerke;GWh;9112.74
1986;Speicherkraftwerke;Prozent;20.4
1986;Kohle;GWh;3681.86
1986;Kohle;Prozent;8.2
1986;Erdöl;GWh;2476.28
1986;Erdöl;Prozent;5.5
1986;Erdgas;GWh;5631.16
1986;Erdgas;Prozent;12.6
1986;Biogene Brennstoffe;GWh;
1986;Biogene Brennstoffe;Prozent;0
1986;Sonstige Brennstoffe;GWh;1183.78
1986;Sonstige Brennstoffe;Prozent;2.7
1986;Wind;GWh;
1986;Wind;Prozent;0
1986;Photovoltaik;GWh;
1986;Photovoltaik;Prozent;0
1986;Geothermie;GWh;
1986;Geothermie;Prozent;0
1987;Laufkraftwerke;GWh;26211.75
1987;Laufkraftwerke;Prozent;51.9
1987;Speicherkraftwerke;GWh;10513.62
1987;Speicherkraftwerke;Prozent;20.8
1987;Kohle;GWh;4875.1
1987;Kohle;Prozent;9.7
1987;Erdöl;GWh;2225.41
1987;Erdöl;Prozent;4.4
1987;Erdgas;GWh;5443.97
1987;Erdgas;Prozent;10.8
1987;Biogene Brennstoffe;GWh;
1987;Biogene Brennstoffe;Prozent;0
1987;Sonstige Brennstoffe;GWh;1248.04
1987;Sonstige Brennstoffe;Prozent;2.5
1987;Wind;GWh;
1987;Wind;Prozent;0
1987;Photovoltaik;GWh;
1987;Photovoltaik;Prozent;0
1987;Geothermie;GWh;
1987;Geothermie;Prozent;0
1988;Laufkraftwerke;GWh;26255.65
1988;Laufkraftwerke;Prozent;53.6
1988;Speicherkraftwerke;GWh;10284.74
1988;Speicherkraftwerke;Prozent;21
1988;Kohle;GWh;4394.28
1988;Kohle;Prozent;9
1988;Erdöl;GWh;1735.36
1988;Erdöl;Prozent;3.5
1988;Erdgas;GWh;4973.08
1988;Erdgas;Prozent;10.1
1988;Biogene Brennstoffe;GWh;
1988;Biogene Brennstoffe;Prozent;0
1988;Sonstige Brennstoffe;GWh;1381.12
1988;Sonstige Brennstoffe;Prozent;2.8
1988;Wind;GWh;
1988;Wind;Prozent;0
1988;Photovoltaik;GWh;
1988;Photovoltaik;Prozent;0
1988;Geothermie;GWh;
1988;Geothermie;Prozent;0
1989;Laufkraftwerke;GWh;26065.83
1989;Laufkraftwerke;Prozent;53
1989;Speicherkraftwerke;GWh;10079.78
1989;Speicherkraftwerke;Prozent;20.5
1989;Kohle;GWh;4957.23
1989;Kohle;Prozent;10.1
1989;Erdöl;GWh;1674.54
1989;Erdöl;Prozent;3.4
1989;Erdgas;GWh;5984.87
1989;Erdgas;Prozent;12.2
1989;Biogene Brennstoffe;GWh;
1989;Biogene Brennstoffe;Prozent;0
1989;Sonstige Brennstoffe;GWh;412.99
1989;Sonstige Brennstoffe;Prozent;0.8
1989;Wind;GWh;
1989;Wind;Prozent;0
1989;Photovoltaik;GWh;
1989;Photovoltaik;Prozent;0
1989;Geothermie;GWh;
1989;Geothermie;Prozent;0
1990;Laufkraftwerke;GWh;23423.95
1990;Laufkraftwerke;Prozent;47.4
1990;Speicherkraftwerke;GWh;9067.57
1990;Speicherkraftwerke;Prozent;18.3
1990;Kohle;GWh;7294.36
1990;Kohle;Prozent;14.8
1990;Erdöl;GWh;1828.05
1990;Erdöl;Prozent;3.7
1990;Erdgas;GWh;7337.29
1990;Erdgas;Prozent;14.8
1990;Biogene Brennstoffe;GWh;
1990;Biogene Brennstoffe;Prozent;0
1990;Sonstige Brennstoffe;GWh;478.66
1990;Sonstige Brennstoffe;Prozent;1
1990;Wind;GWh;
1990;Wind;Prozent;0
1990;Photovoltaik;GWh;
1990;Photovoltaik;Prozent;0
1990;Geothermie;GWh;
1990;Geothermie;Prozent;0
1991;Laufkraftwerke;GWh;22774.73
1991;Laufkraftwerke;Prozent;45.1
1991;Speicherkraftwerke;GWh;9953.64
1991;Speicherkraftwerke;Prozent;19.7
1991;Kohle;GWh;7831.16
1991;Kohle;Prozent;15.5
1991;Erdöl;GWh;2163.15
1991;Erdöl;Prozent;4.3
1991;Erdgas;GWh;7338.4
1991;Erdgas;Prozent;14.5
1991;Biogene Brennstoffe;GWh;
1991;Biogene Brennstoffe;Prozent;0
1991;Sonstige Brennstoffe;GWh;426.07
1991;Sonstige Brennstoffe;Prozent;0.8
1991;Wind;GWh;
1991;Wind;Prozent;0
1991;Photovoltaik;GWh;
1991;Photovoltaik;Prozent;0
1991;Geothermie;GWh;
1991;Geothermie;Prozent;0
1992;Laufkraftwerke;GWh;25743.32
1992;Laufkraftwerke;Prozent;51.4
1992;Speicherkraftwerke;GWh;10338.91
1992;Speicherkraftwerke;Prozent;20.6
1992;Kohle;GWh;5048.54
1992;Kohle;Prozent;10.1
1992;Erdöl;GWh;1815.88
1992;Erdöl;Prozent;3.6
1992;Erdgas;GWh;6760.29
1992;Erdgas;Prozent;13.5
1992;Biogene Brennstoffe;GWh;
1992;Biogene Brennstoffe;Prozent;0
1992;Sonstige Brennstoffe;GWh;411.32
1992;Sonstige Brennstoffe;Prozent;0.8
1992;Wind;GWh;
1992;Wind;Prozent;0
1992;Photovoltaik;GWh;
1992;Photovoltaik;Prozent;0
1992;Geothermie;GWh;
1992;Geothermie;Prozent;0
1993;Laufkraftwerke;GWh;26461.49
1993;Laufkraftwerke;Prozent;51.3
1993;Speicherkraftwerke;GWh;11558.2
1993;Speicherkraftwerke;Prozent;22.4
1993;Kohle;GWh;4213.67
1993;Kohle;Prozent;8.2
1993;Erdöl;GWh;2094.18
1993;Erdöl;Prozent;4.1
1993;Erdgas;GWh;6902.35
1993;Erdgas;Prozent;13.4
1993;Biogene Brennstoffe;GWh;
1993;Biogene Brennstoffe;Prozent;0
1993;Sonstige Brennstoffe;GWh;384.09
1993;Sonstige Brennstoffe;Prozent;0.7
1993;Wind;GWh;
1993;Wind;Prozent;0
1993;Photovoltaik;GWh;
1993;Photovoltaik;Prozent;0
1993;Geothermie;GWh;
1993;Geothermie;Prozent;0
1994;Laufkraftwerke;GWh;25690.38
1994;Laufkraftwerke;Prozent;49.3
1994;Speicherkraftwerke;GWh;11203.44
1994;Speicherkraftwerke;Prozent;21.5
1994;Kohle;GWh;4375.42
1994;Kohle;Prozent;8.4
1994;Erdöl;GWh;2146.06
1994;Erdöl;Prozent;4.1
1994;Erdgas;GWh;8145.08
1994;Erdgas;Prozent;15.6
1994;Biogene Brennstoffe;GWh;
1994;Biogene Brennstoffe;Prozent;0
1994;Sonstige Brennstoffe;GWh;522.13
1994;Sonstige Brennstoffe;Prozent;1
1994;Wind;GWh;
1994;Wind;Prozent;0
1994;Photovoltaik;GWh;
1994;Photovoltaik;Prozent;0
1994;Geothermie;GWh;
1994;Geothermie;Prozent;0
1995;Laufkraftwerke;GWh;27008.15
1995;Laufkraftwerke;Prozent;48.9
1995;Speicherkraftwerke;GWh;11468.96
1995;Speicherkraftwerke;Prozent;20.8
1995;Kohle;GWh;5824.77
1995;Kohle;Prozent;10.5
1995;Erdöl;GWh;1728.68
1995;Erdöl;Prozent;3.1
1995;Erdgas;GWh;8600.83
1995;Erdgas;Prozent;15.6
1995;Biogene Brennstoffe;GWh;
1995;Biogene Brennstoffe;Prozent;0
1995;Sonstige Brennstoffe;GWh;637
1995;Sonstige Brennstoffe;Prozent;1.2
1995;Wind;GWh;
1995;Wind;Prozent;0
1995;Photovoltaik;GWh;
1995;Photovoltaik;Prozent;0
1995;Geothermie;GWh;
1995;Geothermie;Prozent;0
1996;Laufkraftwerke;GWh;26140.43
1996;Laufkraftwerke;Prozent;48.9
1996;Speicherkraftwerke;GWh;9439.85
1996;Speicherkraftwerke;Prozent;17.6
1996;Kohle;GWh;6145.93
1996;Kohle;Prozent;11.5
1996;Erdöl;GWh;1853.93
1996;Erdöl;Prozent;3.5
1996;Erdgas;GWh;9468.37
1996;Erdgas;Prozent;17.7
1996;Biogene Brennstoffe;GWh;
1996;Biogene Brennstoffe;Prozent;0
1996;Sonstige Brennstoffe;GWh;458.27
1996;Sonstige Brennstoffe;Prozent;0.9
1996;Wind;GWh;
1996;Wind;Prozent;0
1996;Photovoltaik;GWh;
1996;Photovoltaik;Prozent;0
1996;Geothermie;GWh;
1996;Geothermie;Prozent;0
1997;Laufkraftwerke;GWh;25880.49
1997;Laufkraftwerke;Prozent;46.6
1997;Speicherkraftwerke;GWh;11412.76
1997;Speicherkraftwerke;Prozent;20.6
1997;Kohle;GWh;6495.85
1997;Kohle;Prozent;11.7
1997;Erdöl;GWh;2670.76
1997;Erdöl;Prozent;4.8
1997;Erdgas;GWh;8556.2
1997;Erdgas;Prozent;15.4
1997;Biogene Brennstoffe;GWh;
1997;Biogene Brennstoffe;Prozent;0
1997;Sonstige Brennstoffe;GWh;471.68
1997;Sonstige Brennstoffe;Prozent;0.9
1997;Wind;GWh;
1997;Wind;Prozent;0
1997;Photovoltaik;GWh;
1997;Photovoltaik;Prozent;0
1997;Geothermie;GWh;
1997;Geothermie;Prozent;0
1998;Laufkraftwerke;GWh;27650.59
1998;Laufkraftwerke;Prozent;49.3
1998;Speicherkraftwerke;GWh;11026.67
1998;Speicherkraftwerke;Prozent;19.7
1998;Kohle;GWh;5068.53
1998;Kohle;Prozent;9
1998;Erdöl;GWh;2908.86
1998;Erdöl;Prozent;5.2
1998;Erdgas;GWh;8843.01
1998;Erdgas;Prozent;15.8
1998;Biogene Brennstoffe;GWh;
1998;Biogene Brennstoffe;Prozent;0
1998;Sonstige Brennstoffe;GWh;494.17
1998;Sonstige Brennstoffe;Prozent;0.9
1998;Wind;GWh;38.3
1998;Wind;Prozent;0.1
1998;Photovoltaik;GWh;
1998;Photovoltaik;Prozent;0
1998;Geothermie;GWh;
1998;Geothermie;Prozent;0
1999;Laufkraftwerke;GWh;29547.25
1999;Laufkraftwerke;Prozent;50.1
1999;Speicherkraftwerke;GWh;12152.55
1999;Speicherkraftwerke;Prozent;20.6
1999;Kohle;GWh;5404.37
1999;Kohle;Prozent;9.2
1999;Erdöl;GWh;2488.85
1999;Erdöl;Prozent;4.2
1999;Erdgas;GWh;8707.53
1999;Erdgas;Prozent;14.8
1999;Biogene Brennstoffe;GWh;
1999;Biogene Brennstoffe;Prozent;0
1999;Sonstige Brennstoffe;GWh;586.65
1999;Sonstige Brennstoffe;Prozent;1
1999;Wind;GWh;45.85
1999;Wind;Prozent;0.1
1999;Photovoltaik;GWh;
1999;Photovoltaik;Prozent;0
1999;Geothermie;GWh;
1999;Geothermie;Prozent;0
2000;Laufkraftwerke;GWh;31047.91
2000;Laufkraftwerke;Prozent;51.5
2000;Speicherkraftwerke;GWh;12413.05
2000;Speicherkraftwerke;Prozent;20.6
2000;Kohle;GWh;6843.49
2000;Kohle;Prozent;11.4
2000;Erdöl;GWh;1494.89
2000;Erdöl;Prozent;2.5
2000;Erdgas;GWh;7859.93
2000;Erdgas;Prozent;13
2000;Biogene Brennstoffe;GWh;
2000;Biogene Brennstoffe;Prozent;0
2000;Sonstige Brennstoffe;GWh;564.03
2000;Sonstige Brennstoffe;Prozent;0.9
2000;Wind;GWh;67.47
2000;Wind;Prozent;0.1
2000;Photovoltaik;GWh;
2000;Photovoltaik;Prozent;0
2000;Geothermie;GWh;
2000;Geothermie;Prozent;0
2001;Laufkraftwerke;GWh;29394.97
2001;Laufkraftwerke;Prozent;48.4
2001;Speicherkraftwerke;GWh;12336.37
2001;Speicherkraftwerke;Prozent;20.3
2001;Kohle;GWh;7978.75
2001;Kohle;Prozent;13.1
2001;Erdöl;GWh;1646.15
2001;Erdöl;Prozent;2.7
2001;Erdgas;GWh;8610.16
2001;Erdgas;Prozent;14.2
2001;Biogene Brennstoffe;GWh;
2001;Biogene Brennstoffe;Prozent;0
2001;Sonstige Brennstoffe;GWh;668.24
2001;Sonstige Brennstoffe;Prozent;1.1
2001;Wind;GWh;106.07
2001;Wind;Prozent;0.2
2001;Photovoltaik;GWh;
2001;Photovoltaik;Prozent;0
2001;Geothermie;GWh;
2001;Geothermie;Prozent;0
2002;Laufkraftwerke;GWh;29915.83
2002;Laufkraftwerke;Prozent;47.9
2002;Speicherkraftwerke;GWh;12349.75
2002;Speicherkraftwerke;Prozent;19.8
2002;Kohle;GWh;7711.8
2002;Kohle;Prozent;12.3
2002;Erdöl;GWh;1449.49
2002;Erdöl;Prozent;2.3
2002;Erdgas;GWh;9264.06
2002;Erdgas;Prozent;14.8
2002;Biogene Brennstoffe;GWh;1514.89
2002;Biogene Brennstoffe;Prozent;2.4
2002;Sonstige Brennstoffe;GWh;353.51
2002;Sonstige Brennstoffe;Prozent;0.6
2002;Wind;GWh;202.91
2002;Wind;Prozent;0.3
2002;Photovoltaik;GWh;4.61
2002;Photovoltaik;Prozent;0
2002;Geothermie;GWh;2.96
2002;Geothermie;Prozent;0
2003;Laufkraftwerke;GWh;23754.68
2003;Laufkraftwerke;Prozent;39.2
2003;Speicherkraftwerke;GWh;11879.93
2003;Speicherkraftwerke;Prozent;19.6
2003;Kohle;GWh;9435.81
2003;Kohle;Prozent;15.6
2003;Erdöl;GWh;1861.73
2003;Erdöl;Prozent;3.1
2003;Erdgas;GWh;11109.3
2003;Erdgas;Prozent;18.3
2003;Biogene Brennstoffe;GWh;1740.94
2003;Biogene Brennstoffe;Prozent;2.9
2003;Sonstige Brennstoffe;GWh;337
2003;Sonstige Brennstoffe;Prozent;0.6
2003;Wind;GWh;365.82
2003;Wind;Prozent;0.6
2003;Photovoltaik;GWh;15.63
2003;Photovoltaik;Prozent;0
2003;Geothermie;GWh;2.97
2003;Geothermie;Prozent;0
2004;Laufkraftwerke;GWh;27440.82
2004;Laufkraftwerke;Prozent;42.3
2004;Speicherkraftwerke;GWh;12467.73
2004;Speicherkraftwerke;Prozent;19.2
2004;Kohle;GWh;9016.41
2004;Kohle;Prozent;13.9
2004;Erdöl;GWh;1819.58
2004;Erdöl;Prozent;2.8
2004;Erdgas;GWh;10907.2
2004;Erdgas;Prozent;16.8
2004;Biogene Brennstoffe;GWh;2188.25
2004;Biogene Brennstoffe;Prozent;3.4
2004;Sonstige Brennstoffe;GWh;395.47
2004;Sonstige Brennstoffe;Prozent;0.6
2004;Wind;GWh;924
2004;Wind;Prozent;1.4
2004;Photovoltaik;GWh;16.32
2004;Photovoltaik;Prozent;0
2004;Geothermie;GWh;2.47
2004;Geothermie;Prozent;0
2005;Laufkraftwerke;GWh;26972.34
2005;Laufkraftwerke;Prozent;40.4
2005;Speicherkraftwerke;GWh;12602
2005;Speicherkraftwerke;Prozent;18.9
2005;Kohle;GWh;8404.28
2005;Kohle;Prozent;12.6
2005;Erdöl;GWh;1642.41
2005;Erdöl;Prozent;2.5
2005;Erdgas;GWh;12982.24
2005;Erdgas;Prozent;19.5
2005;Biogene Brennstoffe;GWh;2679.64
2005;Biogene Brennstoffe;Prozent;4
2005;Sonstige Brennstoffe;GWh;417.51
2005;Sonstige Brennstoffe;Prozent;0.6
2005;Wind;GWh;1331.44
2005;Wind;Prozent;2
2005;Photovoltaik;GWh;16.87
2005;Photovoltaik;Prozent;0
2005;Geothermie;GWh;2.3
2005;Geothermie;Prozent;0
2006;Laufkraftwerke;GWh;26574.41
2006;Laufkraftwerke;Prozent;41.3
2006;Speicherkraftwerke;GWh;11464.51
2006;Speicherkraftwerke;Prozent;17.8
2006;Kohle;GWh;8350.27
2006;Kohle;Prozent;13
2006;Erdöl;GWh;1640.52
2006;Erdöl;Prozent;2.5
2006;Erdgas;GWh;10580.01
2006;Erdgas;Prozent;16.4
2006;Biogene Brennstoffe;GWh;3610.55
2006;Biogene Brennstoffe;Prozent;5.6
2006;Sonstige Brennstoffe;GWh;498.72
2006;Sonstige Brennstoffe;Prozent;0.8
2006;Wind;GWh;1751.61
2006;Wind;Prozent;2.7
2006;Photovoltaik;GWh;17.78
2006;Photovoltaik;Prozent;0
2006;Geothermie;GWh;3.06
2006;Geothermie;Prozent;0
2007;Laufkraftwerke;GWh;27182.07
2007;Laufkraftwerke;Prozent;41.9
2007;Speicherkraftwerke;GWh;12020.44
2007;Speicherkraftwerke;Prozent;18.5
2007;Kohle;GWh;7592.52
2007;Kohle;Prozent;11.7
2007;Erdöl;GWh;1281.45
2007;Erdöl;Prozent;2
2007;Erdgas;GWh;9872.42
2007;Erdgas;Prozent;15.2
2007;Biogene Brennstoffe;GWh;4147.69
2007;Biogene Brennstoffe;Prozent;6.4
2007;Sonstige Brennstoffe;GWh;484.27
2007;Sonstige Brennstoffe;Prozent;0.7
2007;Wind;GWh;2035.8
2007;Wind;Prozent;3.1
2007;Photovoltaik;GWh;20.49
2007;Photovoltaik;Prozent;0
2007;Geothermie;GWh;2.41
2007;Geothermie;Prozent;0
2008;Laufkraftwerke;GWh;28355.35
2008;Laufkraftwerke;Prozent;42.4
2008;Speicherkraftwerke;GWh;12360.26
2008;Speicherkraftwerke;Prozent;18.5
2008;Kohle;GWh;6948.07
2008;Kohle;Prozent;10.4
2008;Erdöl;GWh;1243.91
2008;Erdöl;Prozent;1.9
2008;Erdgas;GWh;11159.05
2008;Erdgas;Prozent;16.7
2008;Biogene Brennstoffe;GWh;4331.89
2008;Biogene Brennstoffe;Prozent;6.5
2008;Sonstige Brennstoffe;GWh;489.12
2008;Sonstige Brennstoffe;Prozent;0.7
2008;Wind;GWh;2010.78
2008;Wind;Prozent;3
2008;Photovoltaik;GWh;23.71
2008;Photovoltaik;Prozent;0
2008;Geothermie;GWh;1.62
2008;Geothermie;Prozent;0
2009;Laufkraftwerke;GWh;29635.5
2009;Laufkraftwerke;Prozent;42.9
2009;Speicherkraftwerke;GWh;14014.58
2009;Speicherkraftwerke;Prozent;20.3
2009;Kohle;GWh;5030.78
2009;Kohle;Prozent;7.3
2009;Erdöl;GWh;1134.55
2009;Erdöl;Prozent;1.6
2009;Erdgas;GWh;12322.75
2009;Erdgas;Prozent;17.8
2009;Biogene Brennstoffe;GWh;4329.33
2009;Biogene Brennstoffe;Prozent;6.3
2009;Sonstige Brennstoffe;GWh;542.1
2009;Sonstige Brennstoffe;Prozent;0.8
2009;Wind;GWh;1953.62
2009;Wind;Prozent;2.8
2009;Photovoltaik;GWh;32.49
2009;Photovoltaik;Prozent;0
2009;Geothermie;GWh;1.51
2009;Geothermie;Prozent;0
2010;Laufkraftwerke;GWh;28002.29
2010;Laufkraftwerke;Prozent;39.4
2010;Speicherkraftwerke;GWh;13572.49
2010;Speicherkraftwerke;Prozent;19.1
2010;Kohle;GWh;6698.86
2010;Kohle;Prozent;9.4
2010;Erdöl;GWh;1271.81
2010;Erdöl;Prozent;1.8
2010;Erdgas;GWh;14307.06
2010;Erdgas;Prozent;20.1
2010;Biogene Brennstoffe;GWh;4517.42
2010;Biogene Brennstoffe;Prozent;6.4
2010;Sonstige Brennstoffe;GWh;588.42
2010;Sonstige Brennstoffe;Prozent;0.8
2010;Wind;GWh;2063.36
2010;Wind;Prozent;2.9
2010;Photovoltaik;GWh;40.73
2010;Photovoltaik;Prozent;0.1
2010;Geothermie;GWh;1.4
2010;Geothermie;Prozent;0
2011;Laufkraftwerke;GWh;25319.56
2011;Laufkraftwerke;Prozent;38.4
2011;Speicherkraftwerke;GWh;12425.9
2011;Speicherkraftwerke;Prozent;18.9
2011;Kohle;GWh;7319.64
2011;Kohle;Prozent;11.1
2011;Erdöl;GWh;1009.45
2011;Erdöl;Prozent;1.5
2011;Erdgas;GWh;12361.82
2011;Erdgas;Prozent;18.8
2011;Biogene Brennstoffe;GWh;4555.75
2011;Biogene Brennstoffe;Prozent;6.9
2011;Sonstige Brennstoffe;GWh;686.16
2011;Sonstige Brennstoffe;Prozent;1
2011;Wind;GWh;1934.36
2011;Wind;Prozent;2.9
2011;Photovoltaik;GWh;79.3
2011;Photovoltaik;Prozent;0.1
2011;Geothermie;GWh;1.05
2011;Geothermie;Prozent;0
2012;Laufkraftwerke;GWh;31504.73
2012;Laufkraftwerke;Prozent;43.5
2012;Speicherkraftwerke;GWh;16112.92
2012;Speicherkraftwerke;Prozent;22.2
2012;Kohle;GWh;6234.29
2012;Kohle;Prozent;8.6
2012;Erdöl;GWh;741.05
2012;Erdöl;Prozent;1
2012;Erdgas;GWh;9656.41
2012;Erdgas;Prozent;13.3
2012;Biogene Brennstoffe;GWh;4649.23
2012;Biogene Brennstoffe;Prozent;6.4
2012;Sonstige Brennstoffe;GWh;791.01
2012;Sonstige Brennstoffe;Prozent;1.1
2012;Wind;GWh;2460.59
2012;Wind;Prozent;3.4
2012;Photovoltaik;GWh;236.34
2012;Photovoltaik;Prozent;0.3
2012;Geothermie;GWh;0.68
2012;Geothermie;Prozent;0
2013;Laufkraftwerke;GWh;30520.57
2013;Laufkraftwerke;Prozent;44.7
2013;Speicherkraftwerke;GWh;15149.99
2013;Speicherkraftwerke;Prozent;22.2
2013;Kohle;GWh;6096.99
2013;Kohle;Prozent;8.9
2013;Erdöl;GWh;691.97
2013;Erdöl;Prozent;1
2013;Erdgas;GWh;6624.72
2013;Erdgas;Prozent;9.7
2013;Biogene Brennstoffe;GWh;4624.18
2013;Biogene Brennstoffe;Prozent;6.7
2013;Sonstige Brennstoffe;GWh;736.98
2013;Sonstige Brennstoffe;Prozent;1.1
2013;Wind;GWh;3151.25
2013;Wind;Prozent;4.6
2013;Photovoltaik;GWh;511.35
2013;Photovoltaik;Prozent;0.7
2013;Geothermie;GWh;0.31
2013;Geothermie;Prozent;0
2014;Laufkraftwerke;GWh;29739.95
2014;Laufkraftwerke;Prozent;45.4
2014;Speicherkraftwerke;GWh;14989.85
2014;Speicherkraftwerke;Prozent;22.9
2014;Kohle;GWh;4904.69
2014;Kohle;Prozent;7.5
2014;Erdöl;GWh;599.36
2014;Erdöl;Prozent;0.9
2014;Erdgas;GWh;5358.09
2014;Erdgas;Prozent;8.2
2014;Biogene Brennstoffe;GWh;4286.7
2014;Biogene Brennstoffe;Prozent;6.5
2014;Sonstige Brennstoffe;GWh;782.74
2014;Sonstige Brennstoffe;Prozent;1.2
2014;Wind;GWh;3844.86
2014;Wind;Prozent;5.9
2014;Photovoltaik;GWh;791.13
2014;Photovoltaik;Prozent;1.2
2014;Geothermie;GWh;0.38
2014;Geothermie;Prozent;0
2015;Laufkraftwerke;GWh;26717.19
2015;Laufkraftwerke;Prozent;41
2015;Speicherkraftwerke;GWh;13747.69
2015;Speicherkraftwerke;Prozent;21.1
2015;Kohle;GWh;5074.01
2015;Kohle;Prozent;7.8
2015;Erdöl;GWh;858.47
2015;Erdöl;Prozent;1.3
2015;Erdgas;GWh;7738.12
2015;Erdgas;Prozent;11.9
2015;Biogene Brennstoffe;GWh;4286.81
2015;Biogene Brennstoffe;Prozent;6.6
2015;Sonstige Brennstoffe;GWh;875.93
2015;Sonstige Brennstoffe;Prozent;1.3
2015;Wind;GWh;4835.73
2015;Wind;Prozent;7.4
2015;Photovoltaik;GWh;1024.39
2015;Photovoltaik;Prozent;1.6
2015;Geothermie;GWh;0.06
2015;Geothermie;Prozent;0
2016;Laufkraftwerke;GWh;29301.44
2016;Laufkraftwerke;Prozent;42.8
2016;Speicherkraftwerke;GWh;13614.44
2016;Speicherkraftwerke;Prozent;19.9
2016;Kohle;GWh;3965.3
2016;Kohle;Prozent;5.8
2016;Erdöl;GWh;959.23
2016;Erdöl;Prozent;1.4
2016;Erdgas;GWh;8561.49
2016;Erdgas;Prozent;12.5
2016;Biogene Brennstoffe;GWh;4566.26
2016;Biogene Brennstoffe;Prozent;6.6
2016;Sonstige Brennstoffe;GWh;990.78
2016;Sonstige Brennstoffe;Prozent;1.4
2016;Wind;GWh;5231.13
2016;Wind;Prozent;7.6
2016;Photovoltaik;GWh;1180.5
2016;Photovoltaik;Prozent;1.7
2016;Geothermie;GWh;0.02
2016;Geothermie;Prozent;0
2017;Laufkraftwerke;GWh;28877.36
2017;Laufkraftwerke;Prozent;40.5
2017;Speicherkraftwerke;GWh;13210.38
2017;Speicherkraftwerke;Prozent;18.5
2017;Kohle;GWh;3915.02
2017;Kohle;Prozent;5.5
2017;Erdöl;GWh;783.31
2017;Erdöl;Prozent;1.1
2017;Erdgas;GWh;11064.41
2017;Erdgas;Prozent;15.5
2017;Biogene Brennstoffe;GWh;4519.9
2017;Biogene Brennstoffe;Prozent;6.3
2017;Sonstige Brennstoffe;GWh;989.22
2017;Sonstige Brennstoffe;Prozent;1.4
2017;Wind;GWh;6569.1
2017;Wind;Prozent;9.2
2017;Photovoltaik;GWh;1382.75
2017;Photovoltaik;Prozent;1.9
2017;Geothermie;GWh;0.08
2017;Geothermie;Prozent;0
2018;Laufkraftwerke;GWh;27375.69
2018;Laufkraftwerke;Prozent;39.8
2018;Speicherkraftwerke;GWh;13807.98
2018;Speicherkraftwerke;Prozent;20.1
2018;Kohle;GWh;3612.85
2018;Kohle;Prozent;5.3
2018;Erdöl;GWh;640.78
2018;Erdöl;Prozent;0.9
2018;Erdgas;GWh;10071.77
2018;Erdgas;Prozent;14.7
2018;Biogene Brennstoffe;GWh;4615.6
2018;Biogene Brennstoffe;Prozent;6.7
2018;Sonstige Brennstoffe;GWh;957.72
2018;Sonstige Brennstoffe;Prozent;1.4
2018;Wind;GWh;6028.89
2018;Wind;Prozent;8.8
2018;Photovoltaik;GWh;1540.12
2018;Photovoltaik;Prozent;2.2
2018;Geothermie;GWh;0.23
2018;Geothermie;Prozent;0
2019;Laufkraftwerke;GWh;29969.74
2019;Laufkraftwerke;Prozent;40.3
2019;Speicherkraftwerke;GWh;14236.2
2019;Speicherkraftwerke;Prozent;19.2
2019;Kohle;GWh;3419.98
2019;Kohle;Prozent;4.6
2019;Erdöl;GWh;614.52
2019;Erdöl;Prozent;0.8
2019;Erdgas;GWh;11396.95
2019;Erdgas;Prozent;15.3
2019;Biogene Brennstoffe;GWh;4493.86
2019;Biogene Brennstoffe;Prozent;6
2019;Sonstige Brennstoffe;GWh;1034.81
2019;Sonstige Brennstoffe;Prozent;1.4
2019;Wind;GWh;7457.03
2019;Wind;Prozent;10
2019;Photovoltaik;GWh;1679.27
2019;Photovoltaik;Prozent;2.3
2019;Geothermie;GWh;0.2
2019;Geothermie;Prozent;0
2020;Laufkraftwerke;GWh;30698
2020;Laufkraftwerke;Prozent;42.4
2020;Speicherkraftwerke;GWh;14688
2020;Speicherkraftwerke;Prozent;20.3
2020;Kohle;GWh;2346
2020;Kohle;Prozent;3.2
2020;Erdöl;GWh;610
2020;Erdöl;Prozent;0.8
2020;Erdgas;GWh;10010
2020;Erdgas;Prozent;13.8
2020;Biogene Brennstoffe;GWh;4573
2020;Biogene Brennstoffe;Prozent;6.3
2020;Sonstige Brennstoffe;GWh;790
2020;Sonstige Brennstoffe;Prozent;1.1
2020;Wind;GWh;6792
2020;Wind;Prozent;9.4
2020;Photovoltaik;GWh;1869
2020;Photovoltaik;Prozent;2.6
2020;Geothermie;GWh;0.07
2020;Geothermie;Prozent;0
2021;Laufkraftwerke;GWh;28471
2021;Laufkraftwerke;Prozent;40.5
2021;Speicherkraftwerke;GWh;14007
2021;Speicherkraftwerke;Prozent;19.9
2021;Kohle;GWh;2128
2021;Kohle;Prozent;3.1
2021;Erdöl;GWh;622
2021;Erdöl;Prozent;0.9
2021;Erdgas;GWh;10751
2021;Erdgas;Prozent;15.3
2021;Biogene Brennstoffe;GWh;4367
2021;Biogene Brennstoffe;Prozent;6.2
2021;Sonstige Brennstoffe;GWh;786
2021;Sonstige Brennstoffe;Prozent;1.1
2021;Wind;GWh;6738
2021;Wind;Prozent;9.6
2021;Photovoltaik;GWh;2398
2021;Photovoltaik;Prozent;3.4
2021;Geothermie;GWh;0.030963
2021;Geothermie;Prozent;0
2022;Laufkraftwerke;GWh;25806
2022;Laufkraftwerke;Prozent;37.51
2022;Speicherkraftwerke;GWh;13335
2022;Speicherkraftwerke;Prozent;19.38
2022;Kohle;GWh;1979
2022;Kohle;Prozent;2.88
2022;Erdöl;GWh;625
2022;Erdöl;Prozent;0.91
2022;Erdgas;GWh;10936
2022;Erdgas;Prozent;15.9
2022;Biogene Brennstoffe;GWh;4559
2022;Biogene Brennstoffe;Prozent;6.63
2022;Sonstige Brennstoffe;GWh;825
2022;Sonstige Brennstoffe;Prozent;1.2
2022;Wind;GWh;7255
2022;Wind;Prozent;10.54
2022;Photovoltaik;GWh;3453
2022;Photovoltaik;Prozent;5.02
2022;Geothermie;GWh;0
2022;Geothermie;Prozent;0
2023;Laufkraftwerke;GWh;29651
2023;Laufkraftwerke;Prozent;40.5
2023;Speicherkraftwerke;GWh;14854
2023;Speicherkraftwerke;Prozent;20.3
2023;Kohle;GWh;2010
2023;Kohle;Prozent;2.74
2023;Erdöl;GWh;865
2023;Erdöl;Prozent;1.18
2023;Erdgas;GWh;7544
2023;Erdgas;Prozent;10.3
2023;Biogene Brennstoffe;GWh;4511
2023;Biogene Brennstoffe;Prozent;6.16
2023;Sonstige Brennstoffe;GWh;587
2023;Sonstige Brennstoffe;Prozent;0.8
2023;Wind;GWh;8036
2023;Wind;Prozent;10.97
2023;Photovoltaik;GWh;5188
2023;Photovoltaik;Prozent;7.08
2023;Geothermie;GWh;0
2023;Geothermie;Prozent;0